<?xml version="1.0" encoding="UTF-8"?>
 <!DOCTYPE tiles-definitions PUBLIC  
        "-//Apache Software Foundation//DTD Tiles Configuration 3.0//EN"  
        "http://tiles.apache.org/dtds/tiles-config_3_0.dtd">
        <tiles-definitions>
<!-- dashboard   -->
		<definition name="base.definitiondashboard" template="/WEB-INF/view/template/admindashboardlayout.jsp">
				<put-attribute name="left"  value="/WEB-INF/view/template/left.jsp" ></put-attribute>
		<put-attribute name="header"  value="/WEB-INF/view/template/header.jsp" ></put-attribute>

		<put-attribute name="body"  value="" ></put-attribute>
		<put-attribute name="footer"  value="/WEB-INF/view/template/footer.jsp" ></put-attribute>
		</definition>
		
		<definition name="userenrollment" extends="base.definitiondashboard">
		
		<put-attribute name="body" value="/WEB-INF/view/user/userenrollment.jsp" />
		</definition>
	<!-- user list layout -->
		<definition name="userlist" extends="base.definitiondashboard">
		<put-attribute name="body" value="/WEB-INF/view/user/userlist.jsp" />
	</definition>
	
	<definition name="edit" extends="base.definitiondashboard">
	<put-attribute name="body" value="/WEB-INF/view/user/edit.jsp" />
		</definition>
		
    <definition name="add_district" extends="base.definitiondashboard">
	<put-attribute name="body" value="/WEB-INF/view/district/add_district.jsp" />
		</definition>
		
		
		<definition name="createdistrict" extends="base.definitiondashboard">
	<put-attribute name="body" value="/WEB-INF/view/district/createdistrict.jsp" />
		</definition>
		
	<definition name="adddistrict" extends="base.definitiondashboard">
	<put-attribute name="body" value="/WEB-INF/view/district/adddistrict.jsp" />
	</definition>
		
	<definition name="districtlist" extends="base.definitiondashboard">
	<put-attribute name="body" value="/WEB-INF/view/district/districtlist.jsp" />
		</definition>
	
	<definition name="editdistrict" extends="base.definitiondashboard">
	<put-attribute name="body" value="/WEB-INF/view/district/editdistrict.jsp" />
		</definition>
		
		<definition name="newdistrictlist" extends="base.definitiondashboard">
	<put-attribute name="body" value="/WEB-INF/view/district/newdistrictlist.jsp" />
		</definition>
		
		<definition name="editnewdisrtict" extends="base.definitiondashboard">
	<put-attribute name="body" value="/WEB-INF/view/district/editnewdisrtict.jsp" />
		</definition>
		

	
	<definition name="createattendance" extends="base.definitiondashboard">
		<put-attribute name="body" value="/WEB-INF/view/attendance/createattendance.jsp" />
	</definition>
	
		<definition name="attendancelist" extends="base.definitiondashboard">
		<put-attribute name="body" value="/WEB-INF/view/attendance/attendancelist.jsp" />
	</definition>
	
	<definition name="editattendance" extends="base.definitiondashboard">
		<put-attribute name="body" value="/WEB-INF/view/attendance/editattendance.jsp" />
	</definition>

   <definition name="monthyattendancereport" extends="base.definitiondashboard">
		<put-attribute name="body" value="/WEB-INF/view/attendance/monthyattendancereport.jsp" />
	</definition>

	<definition name="viewMonthAttendance" extends="base.definitiondashboard">
	<put-attribute name="body" value="/WEB-INF/view/attendance/monthlyAttendanceView.jsp"/></definition>
	
	<definition name="updateAttendance" extends="base.definitiondashboard">
	<put-attribute name="body" value="/WEB-INF/view/attendance/updateAttendance.jsp"/></definition>
	
	<!-- Subscription Start Here -->
	
	
	<definition name="createsubcription" extends="base.definitiondashboard">
	<put-attribute name="body" value="/WEB-INF/view/subscription/createsubscription.jsp" />
	</definition>
	
	<definition name="subscriptionlist" extends="base.definitiondashboard">
		<put-attribute name="body" value="/WEB-INF/view/subscription/subscriptionlist.jsp" />
	</definition>
	
	
	<definition name="viewSubscription" extends="base.definitiondashboard">
		<put-attribute name="body" value="/WEB-INF/view/subscription/viewSubscription.jsp" />
	</definition>
	
	
	<definition name="editMonthlySubscription" extends="base.definitiondashboard">
		<put-attribute name="body" value="/WEB-INF/view/subscription/editMonthlySubscription.jsp" />
	</definition>
	
	
	<definition name="monthlySubscription" extends="base.definitiondashboard">
		<put-attribute name="body" value="/WEB-INF/view/subscription/monthlySubscription.jsp" />
	</definition>
	
	
	<!-- subscription Ends here -->
	
	
	<!-- <definition name="PublicGuidanceRegistration" extends="base.definitiondashboard">
	<put-attribute name="body" value="/WEB-INF/view/Publicguidance/publicguidance.jsp"/>
	</definition> -->
	
	
	<definition name="editpublicguidancereport" extends="base.definitiondashboard">
	<put-attribute name="body" value="/WEB-INF/view/Publicguidance/editpublicguidancereport.jsp"/>
	</definition>
	
	<definition name="monthlypublicguidance1" extends="base.definitiondashboard">
	<put-attribute name="body" value="/WEB-INF/view/Publicguidance/monthlypublicguidance.jsp"/>
	</definition>
	
	<definition name="publicguidance_reportlist" extends="base.definitiondashboard">
	<put-attribute name="body" value="/WEB-INF/view/Publicguidance/publicguidance_reportlist.jsp"/>
	</definition>
	
	<definition name="publicguidance" extends="base.definitiondashboard">
	<put-attribute name="body" value="/WEB-INF/view/Publicguidance/publicguidance.jsp"/>
	</definition>
	
	<definition name="PublicGuidanceRegistration" extends="base.definitiondashboard">
	<put-attribute name="body" value="/WEB-INF/view/Publicguidance/PublicGuidanceRegistration.jsp"/>
	</definition>
	
		<definition name="updatepg" extends="base.definitiondashboard">
	<put-attribute name="body" value="/WEB-INF/view/Publicguidance/updatepg.jsp"/>
	</definition>
	
	<definition name="ViewMonthReport3" extends="base.definitiondashboard">
	<put-attribute name="body" value="/WEB-INF/view/Publicguidance/MonthlyPGView.jsp"/>
	</definition>
	                  <!--   PE_Report starts -->
	<definition name="pe_report" extends="base.definitiondashboard">
		<put-attribute name="body" value="/WEB-INF/view/pereport/pe_reportlist.jsp" />
	</definition>
	
	<definition name="pereportForm" extends="base.definitiondashboard">
		<put-attribute name="body" value="/WEB-INF/view/pereport/pereportForm.jsp" />
	</definition>
	
	<definition name="editPEreport" extends="base.definitiondashboard">
		<put-attribute name="body" value="/WEB-INF/view/pereport/editPEreport.jsp" />
	</definition>
	
	 <definition name="monthlyPEreport" extends="base.definitiondashboard">
		<put-attribute name="body" value="/WEB-INF/view/pereport/monthlyPEreport.jsp" />
	</definition>
	<definition name="testing" extends="base.definitiondashboard">
		<put-attribute name="body" value="/WEB-INF/view/pereport/testing.jsp" />
	</definition>
	<definition name="editMonthlyPEreport" extends="base.definitiondashboard">
		<put-attribute name="body" value="/WEB-INF/view/pereport/editMonthlyPEreport.jsp" />
	</definition>
	<definition name="ViewMonthReport2" extends="base.definitiondashboard">
		<put-attribute name="body" value="/WEB-INF/view/pereport/MonthlyPEReportView.jsp" />
	</definition>
	<definition name="updatepereport" extends="base.definitiondashboard">
		<put-attribute name="body" value="/WEB-INF/view/pereport/updatepereport.jsp" />
	</definition>
			<!-- For Expansion -->
			
	<definition name="expansion" extends="base.definitiondashboard">
	<put-attribute name="body" value="/WEB-INF/view/expansion/expansion.jsp"/>
	</definition>
	
	<definition name="editExpansion" extends="base.definitiondashboard">
	<put-attribute name="body" value="/WEB-INF/view/expansion/editExpansion.jsp"/>
	</definition>
	
	<definition name="expansionRegistration" extends="base.definitiondashboard">
	<put-attribute name="body" value="/WEB-INF/view/expansion/expansionRegistration.jsp"/>
	</definition>
	
	<definition name="monthlyExpansionreport" extends="base.definitiondashboard">
	<put-attribute name="body" value="/WEB-INF/view/expansion/monthlyExpansionreport.jsp"/>
	</definition>
	
	<definition name="editMonthlyExpansionreport" extends="base.definitiondashboard">
	<put-attribute name="body" value="/WEB-INF/view/expansion/editMonthlyExpansionreport.jsp"/>
	</definition>
	
	<definition name="ViewMonthReport4" extends="base.definitiondashboard">
	<put-attribute name="body" value="/WEB-INF/view/expansion/MonthlyExpansionreportView.jsp"/>
	</definition>
	
	<definition name="updateexpansion" extends="base.definitiondashboard">
	<put-attribute name="body" value="/WEB-INF/view/expansion/updateexpansion.jsp"/>
	</definition>
	
	<definition name="cdreport" extends="base.definitiondashboard">
	<put-attribute name="body" value="/WEB-INF/view/cdreport/cdreport.jsp"/>
	</definition>
		<definition name="cdreportedit" extends="base.definitiondashboard">
	<put-attribute name="body" value="/WEB-INF/view/cdreport/cdreportedit.jsp"/>
	</definition>
	<definition name="cdreportlist" extends="base.definitiondashboard">
	<put-attribute name="body" value="/WEB-INF/view/cdreport/cdreportlist.jsp"/>
	</definition>
		<definition name="monthlyCDreport" extends="base.definitiondashboard">
	<put-attribute name="body" value="/WEB-INF/view/cdreport/monthlyCDreport.jsp"/>
	</definition>
	<definition name="editMonthlyCDreport" extends="base.definitiondashboard">
	<put-attribute name="body" value="/WEB-INF/view/cdreport/editMonthlyCDreport.jsp"/>
	</definition>
	<definition name="ViewMonthReport1" extends="base.definitiondashboard">
		<put-attribute name="body" value="/WEB-INF/view/cdreport/MonthlyCDReportView.jsp" />
	</definition>
	<definition name="updateCDreport" extends="base.definitiondashboard">
		<put-attribute name="body" value="/WEB-INF/view/cdreport/updateCDreport.jsp" />
	</definition>
	
	<!-- CdReportProgram Start Here -->

	<definition name="cdreportprogram" extends="base.definitiondashboard">
	<put-attribute name="body" value="/WEB-INF/view/cdreportprogram/cdreportprogram.jsp"/>
	</definition>
	
	<definition name="cdreportprogramlist" extends="base.definitiondashboard">
	<put-attribute name="body" value="/WEB-INF/view/cdreportprogram/cdreportprogramlist.jsp"/>
	</definition>
	
	<definition name="editCDreportprogram" extends="base.definitiondashboard">
	<put-attribute name="body" value="/WEB-INF/view/cdreportprogram/editCDreportprogram.jsp"/>
	</definition>
	
	<definition name="editMonthlyCDreportprogram" extends="base.definitiondashboard">
	<put-attribute name="body" value="/WEB-INF/view/cdreportprogram/editMonthlyCDreportprogram.jsp"/>
	</definition>
	
	<definition name="monthlyCdreportprogram" extends="base.definitiondashboard">
	<put-attribute name="body" value="/WEB-INF/view/cdreportprogram/monthlyCdreportprogram.jsp"/>
	</definition>
	
	<definition name="viewReport" extends="base.definitiondashboard">
	<put-attribute name="body" value="/WEB-INF/view/cdreportprogram/viewReportDetails.jsp"/>
	</definition>
	
	

	<definition name="Delete" extends="base.definitiondashboard">
	<put-attribute name="body" value="/WEB-INF/view/cdreportprogram/Delete.jsp"/>
	</definition>
	
	<!-- CdReportProgram Ends Here -->
	
	
	
	<!--   Monthly Report starts -->
		                  
		<definition name="createdistrict" extends="base.definitiondashboard">
	<put-attribute name="body" value="/WEB-INF/view/monthlyReport/createMonthlyreport.jsp" />
		</definition>
		
		<definition name="districtlist" extends="base.definitiondashboard">
	<put-attribute name="body" value="/WEB-INF/view/monthlyReport/monthlyReportlist.jsp" />
		</definition>
		
		<definition name="editdistrict" extends="base.definitiondashboard">
	<put-attribute name="body" value="/WEB-INF/view/monthlyReport/editMonthlyReport.jsp" />
		</definition>
		
		<definition name="monthlyReportAll" extends="base.definitiondashboard">
		<put-attribute name="body" value="/WEB-INF/view/monthlyReport/monthlyreportAll.jsp" />
	</definition>
	
	<definition name="ViewMonthReport" extends="base.definitiondashboard">
		<put-attribute name="body" value="/WEB-INF/view/monthlyReport/MonthlyReportView.jsp" />
	</definition>
	
	
	<definition name="update" extends="base.definitiondashboard">
		<put-attribute name="body" value="/WEB-INF/view/monthlyReport/update.jsp" />
	</definition>
		
		<definition name="MonthchartReport" extends="base.definitiondashboard">
	<put-attribute name="body" value="/WEB-INF/view/monthlyReport/chart.jsp"/>
	</definition>
		
		<!--   Monthly Report Ends Here -->
		
		
		<!-- TL in out start -->
		<definition name="tLList" extends="base.definitiondashboard">
	    <put-attribute name="body" value="/WEB-INF/view/monthlyTLInOut/tLList.jsp" />
		</definition>
		
		<definition name="dList" extends="base.definitiondashboard">
		<put-attribute name="body" value="/WEB-INF/view/monthlyTLInOut/dList.jsp" />
	   </definition>
		
		<definition name="tLListAllMonths" extends="base.definitiondashboard">
	<put-attribute name="body" value="/WEB-INF/view/monthlyTLInOut/tLListAllMonths.jsp" />
		</definition>
		
		<definition name="createTL" extends="base.definitiondashboard">
	<put-attribute name="body" value="/WEB-INF/view/monthlyTLInOut/createTL.jsp" />
		</definition>
		
		<definition name="tLinEdit" extends="base.definitiondashboard">
	<put-attribute name="body" value="/WEB-INF/view/monthlyTLInOut/tLinEdit.jsp" />
		</definition>
		
		<definition name="tLOut" extends="base.definitiondashboard">
	<put-attribute name="body" value="/WEB-INF/view/monthlyTLInOut/tLOut.jsp" />
		</definition>
  
  		<definition name="tLOutEdit" extends="base.definitiondashboard">
	<put-attribute name="body" value="/WEB-INF/view/monthlyTLInOut/tLOutEdit.jsp" />
		</definition>
		
  	<definition name="dismissedDetails" extends="base.definitiondashboard">
		<put-attribute name="body" value="/WEB-INF/view/monthlyTLInOut/dismissedDetails.jsp" />
	</definition>
	
	<definition name="dismissedEdit" extends="base.definitiondashboard">
		<put-attribute name="body" value="/WEB-INF/view/monthlyTLInOut/dismissedEdit.jsp" />
	</definition>
	
					<!-- TL in out End -->
		
		
		
		
		

 </tiles-definitions>